Workbook

Sheet Sheet1
A1: Node | B1: Group | C1: Area | D1: Age (CI 95%) | E1: Geological time | F1: Event type | G1: Event mode
A2: 267 | B2: Eugeniinae | C2: - | D2: =H2&" ("&J2&"–"&I2&")" -> 33.2 (36.1–30.2) | E2: Early Oligocene (LB Late Eocene) | F2: origin | G2: - | H2: =ROUND(VLOOKUP(A2, Sheet2!$A$2:$D$30, 2, FALSE),1) -> 33.2 | I2: =ROUND(VLOOKUP(A2, Sheet2!$A$2:$D$30, 3, FALSE),1) -> 30.2 | J2: =ROUND(VLOOKUP(A2, Sheet2!$A$2:$D$30, 4, FALSE),1) -> 36.1
A3: 523 | B3: Myrcianthes | C3: - | D3: =H3&" ("&J3&"–"&I3&")" -> 21.7 (28.1–15.5) | E3: Early Miocene (LB Early Oligocene, UB Middle Miocene) | F3: origin | G3: - | H3: =ROUND(VLOOKUP(A3, Sheet2!$A$2:$D$30, 2, FALSE),1) -> 21.7 | I3: =ROUND(VLOOKUP(A3, Sheet2!$A$2:$D$30, 3, FALSE),1) -> 15.5 | J3: =ROUND(VLOOKUP(A3, Sheet2!$A$2:$D$30, 4, FALSE),1) -> 28.1
A4: 531 | B4: Myrcianthes fragrans | C4: South America → Central America + Caribbean | D4: =H4&" ("&J4&"–"&I4&")" -> 12.6 (19.8–6) | E4: Middle Miocene (LB Early Miocene, UB Late Miocene) | F4: range expansion | G4: LDDE or short-range trans-marine jump | H4: =ROUND(VLOOKUP(A4, Sheet2!$A$2:$D$30, 2, FALSE),1) -> 12.6 | I4: =ROUND(VLOOKUP(A4, Sheet2!$A$2:$D$30, 3, FALSE),1) -> 6 | J4: =ROUND(VLOOKUP(A4, Sheet2!$A$2:$D$30, 4, FALSE),1) -> 19.8
A5: 268 | B5: Eugenia (genus) | C5: - | D5: =H5&" ("&J5&"–"&I5&")" -> 30.8 (33.6–27.8) | E5: Early Oligocene | F5: origin | G5: - | H5: =ROUND(VLOOKUP(A5, Sheet2!$A$2:$D$30, 2, FALSE),1) -> 30.8 | I5: =ROUND(VLOOKUP(A5, Sheet2!$A$2:$D$30, 3, FALSE),1) -> 27.8 | J5: =ROUND(VLOOKUP(A5, Sheet2!$A$2:$D$30, 4, FALSE),1) -> 33.6
A6: 520 | B6: Hexachlamys | C6: - | D6: =H6&" ("&J6&"–"&I6&")" -> 25.7 (30.4–20.6) | E6: Late Oligocene (LB Early Oligocene, UB Early Miocene) | F6: origin | G6: - | H6: =ROUND(VLOOKUP(A6, Sheet2!$A$2:$D$30, 2, FALSE),1) -> 25.7 | I6: =ROUND(VLOOKUP(A6, Sheet2!$A$2:$D$30, 3, FALSE),1) -> 20.6 | J6: =ROUND(VLOOKUP(A6, Sheet2!$A$2:$D$30, 4, FALSE),1) -> 30.4
A7: 507 | B7: Pseudeugenia | C7: - | D7: =H7&" ("&J7&"–"&I7&")" -> 23 (28.2–18.4) | E7: Early Miocene (LB Early Oligocene) | F7: origin | G7: - | H7: =ROUND(VLOOKUP(A7, Sheet2!$A$2:$D$30, 2, FALSE),1) -> 23 | I7: =ROUND(VLOOKUP(A7, Sheet2!$A$2:$D$30, 3, FALSE),1) -> 18.4 | J7: =ROUND(VLOOKUP(A7, Sheet2!$A$2:$D$30, 4, FALSE),1) -> 28.2
A8: 500 | B8: Eugenia (section) | C8: - | D8: =H8&" ("&J8&"–"&I8&")" -> 21.7 (26.2–16.8) | E8: Early Miocene (LB Late Oligocene) | F8: origin | G8: - | H8: =ROUND(VLOOKUP(A8, Sheet2!$A$2:$D$30, 2, FALSE),1) -> 21.7 | I8: =ROUND(VLOOKUP(A8, Sheet2!$A$2:$D$30, 3, FALSE),1) -> 16.8 | J8: =ROUND(VLOOKUP(A8, Sheet2!$A$2:$D$30, 4, FALSE),1) -> 26.2
A9: 479 | B9: Pilothecium | C9: - | D9: =H9&" ("&J9&"–"&I9&")" -> 21.8 (25.8–17.8) | E9: Early Miocene (LB Late Oligocene) | F9: origin | G9: - | H9: =ROUND(VLOOKUP(A9, Sheet2!$A$2:$D$30, 2, FALSE),1) -> 21.8 | I9: =ROUND(VLOOKUP(A9, Sheet2!$A$2:$D$30, 3, FALSE),1) -> 17.8 | J9: =ROUND(VLOOKUP(A9, Sheet2!$A$2:$D$30, 4, FALSE),1) -> 25.8
A10: 465 | B10: Phyllocalyx | C10: - | D10: =H10&" ("&J10&"–"&I10&")" -> 16.5 (21.7–11.6) | E10: Early Miocene (UB Middle Miocene) | F10: origin | G10: - | H10: =ROUND(VLOOKUP(A10, Sheet2!$A$2:$D$30, 2, FALSE),1) -> 16.5 | I10: =ROUND(VLOOKUP(A10, Sheet2!$A$2:$D$30, 3, FALSE),1) -> 11.6 | J10: =ROUND(VLOOKUP(A10, Sheet2!$A$2:$D$30, 4, FALSE),1) -> 21.7
A11: 458 | B11: Schizocalomyrtus | C11: - | D11: =H11&" ("&J11&"–"&I11&")" -> 12.2 (17.2–7.4) | E11: Middle Miocene (LB Early Miocene, UB Late Miocene) | F11: origin | G11: - | H11: =ROUND(VLOOKUP(A11, Sheet2!$A$2:$D$30, 2, FALSE),1) -> 12.2 | I11: =ROUND(VLOOKUP(A11, Sheet2!$A$2:$D$30, 3, FALSE),1) -> 7.4 | J11: =ROUND(VLOOKUP(A11, Sheet2!$A$2:$D$30, 4, FALSE),1) -> 17.2
A12: 430 | B12: Racemosae | C12: - | D12: =H12&" ("&J12&"–"&I12&")" -> 25.1 (28.6–21.8) | E12: Late Oligocene (LB Early Oligocene, UB Early Miocene) | F12: origin | G12: - | H12: =ROUND(VLOOKUP(A12, Sheet2!$A$2:$D$30, 2, FALSE),1) -> 25.1 | I12: =ROUND(VLOOKUP(A12, Sheet2!$A$2:$D$30, 3, FALSE),1) -> 21.8 | J12: =ROUND(VLOOKUP(A12, Sheet2!$A$2:$D$30, 4, FALSE),1) -> 28.6
A13: 424 | B13: Speciosae | C13: - | D13: =H13&" ("&J13&"–"&I13&")" -> 22.9 (27.3–18.3) | E13: Early Miocene (LB Late Oligocene) | F13: origin | G13: - | H13: =ROUND(VLOOKUP(A13, Sheet2!$A$2:$D$30, 2, FALSE),1) -> 22.9 | I13: =ROUND(VLOOKUP(A13, Sheet2!$A$2:$D$30, 3, FALSE),1) -> 18.3 | J13: =ROUND(VLOOKUP(A13, Sheet2!$A$2:$D$30, 4, FALSE),1) -> 27.3
... A19: 416 | B19: Eugenia confusa clade | C19: South America → Caribbean | D19: =H19&" ("&J19&"–"&I19&")" -> 17.1 (21.1–13.1) | E19: Early Miocene (UB Middle Miocene) | F19: range shift | G19: LDDE or short-range trans-marine jump | H19: =ROUND(VLOOKUP(A19, Sheet2!$A$2:$D$30, 2, FALSE),1) -> 17.1 | I19: =ROUND(VLOOKUP(A19, Sheet2!$A$2:$D$30, 3, FALSE),1) -> 13.1 | J19: =ROUND(VLOOKUP(A19, Sheet2!$A$2:$D$30, 4, FALSE),1) -> 21.1
A20: 300 | B20: Eugenia egensis | C20: South America → Central America | D20: 4.8 (7.4–2.3) | E20: Early Pliocene (LB in Late Miocene, UB in Pleistocene) | F20: range expansion | G20: probably overland dispersal; less likely short-range trans-marine jump
A21: 439 | B21: Eugenia linearis clade | C21: South America → Caribbean | D21: =H21&" ("&J21&"–"&I21&")" -> 11.9 (14.6–9.4) | E21: Middle Miocene (UB in Late Miocene) | F21: range shift | G21: LDDE or short-range trans-marine jump | H21: =ROUND(VLOOKUP(A21, Sheet2!$A$2:$D$30, 2, FALSE),1) -> 11.9 | I21: =ROUND(VLOOKUP(A21, Sheet2!$A$2:$D$30, 3, FALSE),1) -> 9.4 | J21: =ROUND(VLOOKUP(A21, Sheet2!$A$2:$D$30, 4, FALSE),1) -> 14.6
A22: 316 | B22: Eugenia dictyophylla clade | C22: South America → Caribbean | D22: =H22&" ("&J22&"–"&I22&")" -> 19 (21.2–16.6) | E22: Early Miocene | F22: range shift | G22: LDDE or short-range trans-marine jump | H22: =ROUND(VLOOKUP(A22, Sheet2!$A$2:$D$30, 2, FALSE),1) -> 19 | I22: =ROUND(VLOOKUP(A22, Sheet2!$A$2:$D$30, 3, FALSE),1) -> 16.6 | J22: =ROUND(VLOOKUP(A22, Sheet2!$A$2:$D$30, 4, FALSE),1) -> 21.2
A23: 324 | B23: Eugenia pacifica clade | C23: Caribbean → Pacific Islands | D23: =H23&" ("&J23&"–"&I23&")" -> 10.3 (12.8–7.8) | E23: Late Miocene (LB Middle Miocene) | F23: range expansion | G23: short-range trans-marine jump | H23: =ROUND(VLOOKUP(A23, Sheet2!$A$2:$D$30, 2, FALSE),1) -> 10.3 | I23: =ROUND(VLOOKUP(A23, Sheet2!$A$2:$D$30, 3, FALSE),1) -> 7.8 | J23: =ROUND(VLOOKUP(A23, Sheet2!$A$2:$D$30, 4, FALSE),1) -> 12.8
A24: 294 | B24: Eugenia talbotii | C24: South America → Africa | D24: =H24&" ("&J24&"–"&I24&")" -> 12.4 (16.3–8.4) | E24: Middle Miocene (LB Early Miocene, UB Late Miocene) | F24: range shift | G24: LDDE | H24: =ROUND(VLOOKUP(A24, Sheet2!$A$2:$D$30, 2, FALSE),1) -> 12.4 | I24: =ROUND(VLOOKUP(A24, Sheet2!$A$2:$D$30, 3, FALSE),1) -> 8.4 | J24: =ROUND(VLOOKUP(A24, Sheet2!$A$2:$D$30, 4, FALSE),1) -> 16.3
A25: 312 | B25: Eugenia coronata | C25: Caribbean → Africa | D25: =H25&" ("&J25&"–"&I25&")" -> 11.3 (15.2–7.5) | E25: Late Miocene (LB Middle Miocene) | F25: range shift | G25: LDDE | H25: =ROUND(VLOOKUP(A25, Sheet2!$A$2:$D$30, 2, FALSE),1) -> 11.3 | I25: =ROUND(VLOOKUP(A25, Sheet2!$A$2:$D$30, 3, FALSE),1) -> 7.5 | J25: =ROUND(VLOOKUP(A25, Sheet2!$A$2:$D$30, 4, FALSE),1) -> 15.2
A26: 382 | B26: "Core" Jossinia | C26: South America → Africa | D26: =H26&" ("&J26&"–"&I26&")" -> 21.5 (24.6–18.4) | E26: Early Miocene (LB Late Oligocene) | F26: range shift | G26: LDDE | H26: =ROUND(VLOOKUP(A26, Sheet2!$A$2:$D$30, 2, FALSE),1) -> 21.5 | I26: =ROUND(VLOOKUP(A26, Sheet2!$A$2:$D$30, 3, FALSE),1) -> 18.4 | J26: =ROUND(VLOOKUP(A26, Sheet2!$A$2:$D$30, 4, FALSE),1) -> 24.6
A27: 383 | B27: Eugenia tropophylla clade | C27: Africa → Madagascar | D27: =H27&" ("&J27&"–"&I27&")" -> 18 (21–14.9) | E27: Early Miocene (UB Middle Miocene) | F27: range shift | G27: short-range trans-marine jump | H27: =ROUND(VLOOKUP(A27, Sheet2!$A$2:$D$30, 2, FALSE),1) -> 18 | I27: =ROUND(VLOOKUP(A27, Sheet2!$A$2:$D$30, 3, FALSE),1) -> 14.9 | J27: =ROUND(VLOOKUP(A27, Sheet2!$A$2:$D$30, 4, FALSE),1) -> 21
A28: 412 | B28: Eugenia brongniartiana subclade | C28: Madagascar → New Caledonia | D28: =H28&" ("&J28&"–"&I28&")" -> 14.3 (18.7–10.1) | E28: Middle Miocene (LB Early Miocene, UB Late Miocene) | F28: range shift | G28: LDDE | H28: =ROUND(VLOOKUP(A28, Sheet2!$A$2:$D$30, 2, FALSE),1) -> 14.3 | I28: =ROUND(VLOOKUP(A28, Sheet2!$A$2:$D$30, 3, FALSE),1) -> 10.1 | J28: =ROUND(VLOOKUP(A28, Sheet2!$A$2:$D$30, 4, FALSE),1) -> 18.7
A29: 401 | B29: Eugenia roseopetiolata | C29: Africa → Madagascar | D29: =H29&" ("&J29&"–"&I29&")" -> 13.9 (17.2–10.4) | E29: Middle Miocene (LB Early Miocene, UB Late Miocene) | F29: range shift | G29: short-range trans-marine jump | H29: =ROUND(VLOOKUP(A29, Sheet2!$A$2:$D$30, 2, FALSE),1) -> 13.9 | I29: =ROUND(VLOOKUP(A29, Sheet2!$A$2:$D$30, 3, FALSE),1) -> 10.4 | J29: =ROUND(VLOOKUP(A29, Sheet2!$A$2:$D$30, 4, FALSE),1) -> 17.2
A30: 384 | B30: Eugenia bojeri clade | C30: Africa → Mascarene Islands | D30: =H30&" ("&J30&"–"&I30&")" -> 16.3 (19.1–13.5) | E30: Early Miocene (UB Middle Miocene) | F30: range shift | G30: short-range trans-marine jump | H30: =ROUND(VLOOKUP(A30, Sheet2!$A$2:$D$30, 2, FALSE),1) -> 16.3 | I30: =ROUND(VLOOKUP(A30, Sheet2!$A$2:$D$30, 3, FALSE),1) -> 13.5 | J30: =ROUND(VLOOKUP(A30, Sheet2!$A$2:$D$30, 4, FALSE),1) -> 19.1
A31: 396 | B31: Eugenia calcadensis clade | C31: Africa → South Asia | D31: =H31&" ("&J31&"–"&I31&")" -> 15.4 (18.4–12.4) | E31: Middle Miocene (LB Early Miocene) | F31: range shift | G31: probably overland dispersal; less likely LDDE | H31: =ROUND(VLOOKUP(A31, Sheet2!$A$2:$D$30, 2, FALSE),1) -> 15.4 | I31: =ROUND(VLOOKUP(A31, Sheet2!$A$2:$D$30, 3, FALSE),1) -> 12.4 | J31: =ROUND(VLOOKUP(A31, Sheet2!$A$2:$D$30, 4, FALSE),1) -> 18.4
A32: 397 | B32: Eugenia reinwardtiana | C32: South Asia → South-East Asia + the Malay Archipelago + Australia | D32: =H32&" ("&J32&"–"&I32&")" -> 14.2 (17.4–11) | E32: Middle Miocene (LB Early Miocene, UB Late Miocene) | F32: range shift | G32: combination of overland and trans-marine dispersals | H32: =ROUND(VLOOKUP(A32, Sheet2!$A$2:$D$30, 2, FALSE),1) -> 14.2 | I32: =ROUND(VLOOKUP(A32, Sheet2!$A$2:$D$30, 3, FALSE),1) -> 11 | J32: =ROUND(VLOOKUP(A32, Sheet2!$A$2:$D$30, 4, FALSE),1) -> 17.4

Sheet Sheet2
A1: node | B1: CAheight_mean | C1: CAheight_0.95_HPD_lower | D1: CAheight_0.95_HPD_upper
A2: 267 | B2: 33.208756 | C2: 30.221274 | D2: 36.122056
A3: 268 | B3: 30.751946 | C3: 27.829652 | D3: 33.609821
A4: 274 | B4: 24.810372 | C4: 22.047872 | D4: 27.651691
A5: 294 | B5: 12.392519 | C5: 8.4030859 | D5: 16.342305
A6: 312 | B6: 11.254523 | C6: 7.5264668 | D6: 15.192394
A7: 316 | B7: 18.958324 | C7: 16.635152 | D7: 21.241875
A8: 324 | B8: 10.321022 | C8: 7.8354968 | D8: 12.78249
A9: 378 | B9: 11.574037 | C9: 7.5473218 | D9: 15.855953
A10: 382 | B10: 21.495777 | C10: 18.417782 | D10: 24.609459
A11: 383 | B11: 18.032699 | C11: 14.934418 | D11: 21.041991
A12: 384 | B12: 16.314596 | C12: 13.527061 | D12: 19.149491
A13: 396 | B13: 15.416836 | C13: 12.429051 | D13: 18.410284
... A30: 531 | B30: 12.646489 | C30: 5.9524187 | D30: 19.751942
