Workbook

Sheet Sheet 1
A1: clade | B1: sig.sq | C1: sig.sq.LB | D1: sig.sq.UB | E1: lnL | F1: AIC | G1: AICc | H1: n.shifts | I1: n.shf.new
A2: PC1_Myrcianthes | B2: 0.36023865 | C2: 0.079395172 | D2: 0.8019398 | E2: -21.112851 | F2: 46.225702 | G2: 48.225702 | H2: 1 | I2: 1
A3: PC1_Pseudeugenia | B3: 0.18203737 | C3: 0.12449925 | D3: 0.22866533 | E3: -27.139579 | F3: 58.279158 | G3: 59.370067 | H3: 0 | I3: 0
A4: PC1_Phyllocalyx | B4: 0.12667812 | C4: 0.061341036 | D4: 0.16818328 | E4: -24.950092 | F4: 53.900183 | G4: 54.991093 | H4: 0 | I4: 0
A5: PC1_Excelsae | B5: 0.11544337 | C5: 0.035922936 | D5: 0.16656957 | E5: -17.171584 | F5: 38.343168 | G5: 40.343168 | H5: 2 | I5: 1
A6: PC1_Umbellatae | B6: 0.063186915 | C6: 0.051186508 | D6: 0.070633947 | E6: -164.1443 | F6: 332.2886 | G6: 332.41231 | H6: 13 | I6: 4
A7: PC1_Hexachlamys | B7: 0.054460592 | C7: 0.0047682435 | D7: 0.08212716 | E7: -7.1733049 | F7: 18.34661 | G7: 30.34661 | H7: 0 | I7: 0
A8: PC1_Speciosae | B8: 0.052095724 | C8: 0.012340173 | D8: 0.074621096 | E8: -12.221948 | F8: 28.443896 | G8: 31.443896 | H8: 0 | I8: 0
A9: PC1_Eugenia | B9: 0.050895611 | C9: 0.021415725 | D9: 0.091444179 | E9: -12.311692 | F9: 28.623385 | G9: 31.623385 | H9: 1 | I9: 1
A10: PC1_Racemosae | B10: 0.037612129 | C10: 0.024983206 | D10: 0.047342795 | E10: -41.790501 | F10: 87.581002 | G10: 88.081002 | H10: 4 | I10: 2
A11: PC1_Jossinia | B11: 0.023584139 | C11: 0.012280563 | D11: 0.03649492 | E11: -32.047401 | F11: 68.094803 | G11: 68.640257 | H11: 8 | I11: 8
A12: PC1_Pilothecium | B12: 0.022722196 | C12: 0.014783537 | D12: 0.029691078 | E12: -32.980111 | F12: 69.960222 | G12: 70.591801 | H12: 0 | I12: 0
A13: PC1_Schizocalomyrtus | B13: 0.0011574174 | C13: 0.00063204816 | D13: 0.0024009796 | E13: -10.112675 | F13: 24.225351 | G13: 26.625351 | H13: 0 | I13: 0
... A37: PC3_Phyllocalyx | B37: 1e-09 | C37: 4.738319e-09 | D37: 1.395272e-08 | E37: -5.4535861 | F37: 14.907172 | G37: 15.998081 | H37: 0 | I37: 0

Sheet Sheet1
A1: CED | B1: Clade | C1: sig.sq | D1: sig.sq.LB | E1: sig.sq.UB | F1: LnL | G1: AIC | H1: AICc
A2: PC1 | B2: Myrcianthes | C2: =ROUND('Sheet 1'!B2, 3) -> 0.36 | D2: =ROUND('Sheet 1'!C2, 3) -> 0.079 | E2: =ROUND('Sheet 1'!D2, 3) -> 0.802 | F2: =ROUND('Sheet 1'!E2, 3) -> -21.113 | G2: =ROUND('Sheet 1'!F2, 2) -> 46.23 | H2: =ROUND('Sheet 1'!G2, 2) -> 48.23
B3: Pseudeugenia | C3: =ROUND('Sheet 1'!B3, 3) -> 0.182 | D3: =ROUND('Sheet 1'!C3, 3) -> 0.124 | E3: =ROUND('Sheet 1'!D3, 3) -> 0.229 | F3: =ROUND('Sheet 1'!E3, 3) -> -27.14 | G3: =ROUND('Sheet 1'!F3, 2) -> 58.28 | H3: =ROUND('Sheet 1'!G3, 2) -> 59.37
B4: Phyllocalyx | C4: =ROUND('Sheet 1'!B4, 3) -> 0.127 | D4: =ROUND('Sheet 1'!C4, 3) -> 0.061 | E4: =ROUND('Sheet 1'!D4, 3) -> 0.168 | F4: =ROUND('Sheet 1'!E4, 3) -> -24.95 | G4: =ROUND('Sheet 1'!F4, 2) -> 53.9 | H4: =ROUND('Sheet 1'!G4, 2) -> 54.99
B5: Excelsae | C5: =ROUND('Sheet 1'!B5, 3) -> 0.115 | D5: =ROUND('Sheet 1'!C5, 3) -> 0.036 | E5: =ROUND('Sheet 1'!D5, 3) -> 0.167 | F5: =ROUND('Sheet 1'!E5, 3) -> -17.172 | G5: =ROUND('Sheet 1'!F5, 2) -> 38.34 | H5: =ROUND('Sheet 1'!G5, 2) -> 40.34
B6: Umbellatae | C6: =ROUND('Sheet 1'!B6, 3) -> 0.063 | D6: =ROUND('Sheet 1'!C6, 3) -> 0.051 | E6: =ROUND('Sheet 1'!D6, 3) -> 0.071 | F6: =ROUND('Sheet 1'!E6, 3) -> -164.144 | G6: =ROUND('Sheet 1'!F6, 2) -> 332.29 | H6: =ROUND('Sheet 1'!G6, 2) -> 332.41
B7: Hexachlamys | C7: =ROUND('Sheet 1'!B7, 3) -> 0.054 | D7: =ROUND('Sheet 1'!C7, 3) -> 0.005 | E7: =ROUND('Sheet 1'!D7, 3) -> 0.082 | F7: =ROUND('Sheet 1'!E7, 3) -> -7.173 | G7: =ROUND('Sheet 1'!F7, 2) -> 18.35 | H7: =ROUND('Sheet 1'!G7, 2) -> 30.35
B8: Speciosae | C8: =ROUND('Sheet 1'!B8, 3) -> 0.052 | D8: =ROUND('Sheet 1'!C8, 3) -> 0.012 | E8: =ROUND('Sheet 1'!D8, 3) -> 0.075 | F8: =ROUND('Sheet 1'!E8, 3) -> -12.222 | G8: =ROUND('Sheet 1'!F8, 2) -> 28.44 | H8: =ROUND('Sheet 1'!G8, 2) -> 31.44
B9: Eugenia | C9: =ROUND('Sheet 1'!B9, 3) -> 0.051 | D9: =ROUND('Sheet 1'!C9, 3) -> 0.021 | E9: =ROUND('Sheet 1'!D9, 3) -> 0.091 | F9: =ROUND('Sheet 1'!E9, 3) -> -12.312 | G9: =ROUND('Sheet 1'!F9, 2) -> 28.62 | H9: =ROUND('Sheet 1'!G9, 2) -> 31.62
B10: Racemosae | C10: =ROUND('Sheet 1'!B10, 3) -> 0.038 | D10: =ROUND('Sheet 1'!C10, 3) -> 0.025 | E10: =ROUND('Sheet 1'!D10, 3) -> 0.047 | F10: =ROUND('Sheet 1'!E10, 3) -> -41.791 | G10: =ROUND('Sheet 1'!F10, 2) -> 87.58 | H10: =ROUND('Sheet 1'!G10, 2) -> 88.08
B11: Jossinia | C11: =ROUND('Sheet 1'!B11, 3) -> 0.024 | D11: =ROUND('Sheet 1'!C11, 3) -> 0.012 | E11: =ROUND('Sheet 1'!D11, 3) -> 0.036 | F11: =ROUND('Sheet 1'!E11, 3) -> -32.047 | G11: =ROUND('Sheet 1'!F11, 2) -> 68.09 | H11: =ROUND('Sheet 1'!G11, 2) -> 68.64
B12: Pilothecium | C12: =ROUND('Sheet 1'!B12, 3) -> 0.023 | D12: =ROUND('Sheet 1'!C12, 3) -> 0.015 | E12: =ROUND('Sheet 1'!D12, 3) -> 0.03 | F12: =ROUND('Sheet 1'!E12, 3) -> -32.98 | G12: =ROUND('Sheet 1'!F12, 2) -> 69.96 | H12: =ROUND('Sheet 1'!G12, 2) -> 70.59
B13: Schizocalomyrtus | C13: =ROUND('Sheet 1'!B13, 3) -> 0.001 | D13: =ROUND('Sheet 1'!C13, 3) -> 0.001 | E13: =ROUND('Sheet 1'!D13, 3) -> 0.002 | F13: =ROUND('Sheet 1'!E13, 3) -> -10.113 | G13: =ROUND('Sheet 1'!F13, 2) -> 24.23 | H13: =ROUND('Sheet 1'!G13, 2) -> 26.63
A14: PC2 | B14: Umbellatae | C14: =ROUND('Sheet 1'!B14, 3) -> 0.096 | D14: =ROUND('Sheet 1'!C14, 3) -> 0.079 | E14: =ROUND('Sheet 1'!D14, 3) -> 0.1 | F14: =ROUND('Sheet 1'!E14, 3) -> -166.027 | G14: =ROUND('Sheet 1'!F14, 2) -> 336.05 | H14: =ROUND('Sheet 1'!G14, 2) -> 336.18
B15: Racemosae | C15: =ROUND('Sheet 1'!B15, 3) -> 0.048 | D15: =ROUND('Sheet 1'!C15, 3) -> 0.024 | E15: =ROUND('Sheet 1'!D15, 3) -> 0.061 | F15: =ROUND('Sheet 1'!E15, 3) -> -37.029 | G15: =ROUND('Sheet 1'!F15, 2) -> 78.06 | H15: =ROUND('Sheet 1'!G15, 2) -> 78.56
B16: Pilothecium | C16: =ROUND('Sheet 1'!B16, 3) -> 0.045 | D16: =ROUND('Sheet 1'!C16, 3) -> 0.022 | E16: =ROUND('Sheet 1'!D16, 3) -> 0.066 | F16: =ROUND('Sheet 1'!E16, 3) -> -27.278 | G16: =ROUND('Sheet 1'!F16, 2) -> 58.56 | H16: =ROUND('Sheet 1'!G16, 2) -> 59.19
B17: Myrcianthes | C17: =ROUND('Sheet 1'!B17, 3) -> 0.043 | D17: =ROUND('Sheet 1'!C17, 3) -> 0.015 | E17: =ROUND('Sheet 1'!D17, 3) -> 0.087 | F17: =ROUND('Sheet 1'!E17, 3) -> -13.9 | G17: =ROUND('Sheet 1'!F17, 2) -> 31.8 | H17: =ROUND('Sheet 1'!G17, 2) -> 33.8
B18: Pseudeugenia | C18: =ROUND('Sheet 1'!B18, 3) -> 0.033 | D18: =ROUND('Sheet 1'!C18, 3) -> 0.008 | E18: =ROUND('Sheet 1'!D18, 3) -> 0.044 | F18: =ROUND('Sheet 1'!E18, 3) -> -17.309 | G18: =ROUND('Sheet 1'!F18, 2) -> 38.62 | H18: =ROUND('Sheet 1'!G18, 2) -> 39.71
B19: Excelsae | C19: =ROUND('Sheet 1'!B19, 3) -> 0.022 | D19: =ROUND('Sheet 1'!C19, 3) -> 0.007 | E19: =ROUND('Sheet 1'!D19, 3) -> 0.031 | F19: =ROUND('Sheet 1'!E19, 3) -> -12.939 | G19: =ROUND('Sheet 1'!F19, 2) -> 29.88 | H19: =ROUND('Sheet 1'!G19, 2) -> 31.88
B20: Phyllocalyx | C20: =ROUND('Sheet 1'!B20, 3) -> 0.014 | D20: =ROUND('Sheet 1'!C20, 3) -> 0.005 | E20: =ROUND('Sheet 1'!D20, 3) -> 0.017 | F20: =ROUND('Sheet 1'!E20, 3) -> -10.012 | G20: =ROUND('Sheet 1'!F20, 2) -> 24.02 | H20: =ROUND('Sheet 1'!G20, 2) -> 25.12
B21: Jossinia | C21: =ROUND('Sheet 1'!B21, 3) -> 0.009 | D21: =ROUND('Sheet 1'!C21, 3) -> 0.005 | E21: =ROUND('Sheet 1'!D21, 3) -> 0.01 | F21: =ROUND('Sheet 1'!E21, 3) -> -20.563 | G21: =ROUND('Sheet 1'!F21, 2) -> 45.13 | H21: =ROUND('Sheet 1'!G21, 2) -> 45.67
B22: Speciosae | C22: =ROUND('Sheet 1'!B22, 3) -> 0.008 | D22: =ROUND('Sheet 1'!C22, 3) -> 0.001 | E22: =ROUND('Sheet 1'!D22, 3) -> 0.011 | F22: =ROUND('Sheet 1'!E22, 3) -> -5.886 | G22: =ROUND('Sheet 1'!F22, 2) -> 15.77 | H22: =ROUND('Sheet 1'!G22, 2) -> 18.77
B23: Schizocalomyrtus | C23: =ROUND('Sheet 1'!B23, 3) -> 0.001 | D23: ='Sheet 1'!C23 -> 0.0002946787 | E23: =ROUND('Sheet 1'!D23, 3) -> 0.001 | F23: =ROUND('Sheet 1'!E23, 3) -> -1.705 | G23: =ROUND('Sheet 1'!F23, 2) -> 7.41 | H23: =ROUND('Sheet 1'!G23, 2) -> 9.81
B24: Eugenia | C24: ='Sheet 1'!B24 -> 1e-09 | D24: ='Sheet 1'!C24 -> 4.013059e-09 | E24: ='Sheet 1'!D24 -> 2.069441e-08 | F24: =ROUND('Sheet 1'!E24, 3) -> -1.208 | G24: =ROUND('Sheet 1'!F24, 2) -> 6.42 | H24: =ROUND('Sheet 1'!G24, 2) -> 9.42
B25: Hexachlamys | C25: ='Sheet 1'!B25 -> 1e-09 | D25: ='Sheet 1'!C25 -> 1.722197e-09 | E25: ='Sheet 1'!D25 -> 2.24772e-08 | F25: =ROUND('Sheet 1'!E25, 3) -> -0.595 | G25: =ROUND('Sheet 1'!F25, 2) -> 5.19 | H25: =ROUND('Sheet 1'!G25, 2) -> 17.19
A26: PC3 | B26: Myrcianthes | C26: =ROUND('Sheet 1'!B26, 3) -> 0.081 | D26: =ROUND('Sheet 1'!C26, 3) -> 0.022 | E26: =ROUND('Sheet 1'!D26, 3) -> 0.111 | F26: =ROUND('Sheet 1'!E26, 3) -> -15.725 | G26: =ROUND('Sheet 1'!F26, 2) -> 35.45 | H26: =ROUND('Sheet 1'!G26, 2) -> 37.45
B27: Pseudeugenia | C27: =ROUND('Sheet 1'!B27, 3) -> 0.043 | D27: =ROUND('Sheet 1'!C27, 3) -> 0.028 | E27: =ROUND('Sheet 1'!D27, 3) -> 0.07 | F27: =ROUND('Sheet 1'!E27, 3) -> -18.878 | G27: =ROUND('Sheet 1'!F27, 2) -> 41.76 | H27: =ROUND('Sheet 1'!G27, 2) -> 42.85
B28: Racemosae | C28: =ROUND('Sheet 1'!B28, 3) -> 0.041 | D28: =ROUND('Sheet 1'!C28, 3) -> 0.025 | E28: =ROUND('Sheet 1'!D28, 3) -> 0.064 | F28: =ROUND('Sheet 1'!E28, 3) -> -34.92 | G28: =ROUND('Sheet 1'!F28, 2) -> 73.84 | H28: =ROUND('Sheet 1'!G28, 2) -> 74.34
B29: Jossinia | C29: =ROUND('Sheet 1'!B29, 3) -> 0.041 | D29: =ROUND('Sheet 1'!C29, 3) -> 0.023 | E29: =ROUND('Sheet 1'!D29, 3) -> 0.048 | F29: =ROUND('Sheet 1'!E29, 3) -> -30.21 | G29: =ROUND('Sheet 1'!F29, 2) -> 64.42 | H29: =ROUND('Sheet 1'!G29, 2) -> 64.97
B30: Umbellatae | C30: =ROUND('Sheet 1'!B30, 3) -> 0.035 | D30: =ROUND('Sheet 1'!C30, 3) -> 0.025 | E30: =ROUND('Sheet 1'!D30, 3) -> 0.039 | F30: =ROUND('Sheet 1'!E30, 3) -> -118.83 | G30: =ROUND('Sheet 1'!F30, 2) -> 241.66 | H30: =ROUND('Sheet 1'!G30, 2) -> 241.78
B31: Excelsae | C31: =ROUND('Sheet 1'!B31, 3) -> 0.03 | D31: =ROUND('Sheet 1'!C31, 3) -> 0.017 | E31: =ROUND('Sheet 1'!D31, 3) -> 0.046 | F31: =ROUND('Sheet 1'!E31, 3) -> -11.017 | G31: =ROUND('Sheet 1'!F31, 2) -> 26.03 | H31: =ROUND('Sheet 1'!G31, 2) -> 28.03
B32: Pilothecium | C32: =ROUND('Sheet 1'!B32, 3) -> 0.025 | D32: =ROUND('Sheet 1'!C32, 3) -> 0.014 | E32: =ROUND('Sheet 1'!D32, 3) -> 0.038 | F32: =ROUND('Sheet 1'!E32, 3) -> -23.771 | G32: =ROUND('Sheet 1'!F32, 2) -> 51.54 | H32: =ROUND('Sheet 1'!G32, 2) -> 52.17
B33: Hexachlamys | C33: =ROUND('Sheet 1'!B33, 3) -> 0.005 | D33: =ROUND('Sheet 1'!C33, 3) -> 0.001 | E33: =ROUND('Sheet 1'!D33, 3) -> 0.012 | F33: =ROUND('Sheet 1'!E33, 3) -> -3.43 | G33: =ROUND('Sheet 1'!F33, 2) -> 10.86 | H33: =ROUND('Sheet 1'!G33, 2) -> 22.86
B34: Schizocalomyrtus | C34: ='Sheet 1'!B34 -> 1e-09 | D34: ='Sheet 1'!C34 -> 4.745171e-09 | E34: ='Sheet 1'!D34 -> 1.99299e-08 | F34: =ROUND('Sheet 1'!E34, 3) -> -2.126 | G34: =ROUND('Sheet 1'!F34, 2) -> 8.25 | H34: =ROUND('Sheet 1'!G34, 2) -> 10.65
B35: Eugenia | C35: ='Sheet 1'!B35 -> 1e-09 | D35: ='Sheet 1'!C35 -> 2.467413e-09 | E35: ='Sheet 1'!D35 -> 1.536434e-08 | F35: =ROUND('Sheet 1'!E35, 3) -> -5.848 | G35: =ROUND('Sheet 1'!F35, 2) -> 15.7 | H35: =ROUND('Sheet 1'!G35, 2) -> 18.7
B36: Speciosae | C36: ='Sheet 1'!B36 -> 1e-09 | D36: ='Sheet 1'!C36 -> 3.715972e-09 | E36: ='Sheet 1'!D36 -> 1.759472e-08 | F36: =ROUND('Sheet 1'!E36, 3) -> 1.504 | G36: =ROUND('Sheet 1'!F36, 2) -> 0.99 | H36: =ROUND('Sheet 1'!G36, 2) -> 3.99
B37: Phyllocalyx | C37: ='Sheet 1'!B37 -> 1e-09 | D37: ='Sheet 1'!C37 -> 4.738319e-09 | E37: ='Sheet 1'!D37 -> 1.395272e-08 | F37: =ROUND('Sheet 1'!E37, 3) -> -5.454 | G37: =ROUND('Sheet 1'!F37, 2) -> 14.91 | H37: =ROUND('Sheet 1'!G37, 2) -> 16
